platform,group,workload,method,policy,queries,shards,recall,qps,parameter,filter_violations,sentinel_errors,underfilled_queries,missing_result_slots,duplicate_output_queries
CPU,ef_search,yfcc,faiss_navix,,10000,5,0.7885399472,1402.7940852590189,"efSearch=250,chunk=512,threads=32",0.0,0.0,0.0,0,0.0
CPU,ef_search,yfcc,faiss_navix,,10000,5,0.7947901856,772.2729305209212,"efSearch=500,chunk=512,threads=32",0.0,0.0,0.0,0,0.0
CPU,ef_search,yfcc,faiss_navix,,10000,5,0.7966397824,539.3199283567408,"efSearch=750,chunk=512,threads=32",0.0,0.0,0.0,0,0.0
CPU,ef_search,yfcc,faiss_navix,,10000,5,0.6507702639999999,14351.588074978436,"efSearch=10,chunk=512,threads=16",0.0,0.0,0.0,0,0.0
CPU,ef_search,yfcc,faiss_navix,,10000,5,0.6855602128,11789.380361957556,"efSearch=15,chunk=512,threads=16",0.0,0.0,0.0,0,0.0
CPU,ef_search,yfcc,faiss_navix,,10000,5,0.7077200687999999,9746.968692736558,"efSearch=20,chunk=512,threads=16",0.0,0.0,0.0,0,0.0
CPU,ef_search,yfcc,faiss_navix,,10000,5,0.7216400768000001,8324.945950288418,"efSearch=25,chunk=512,threads=16",0.0,0.0,0.0,0,0.0
CPU,ef_search,yfcc,faiss_navix,,10000,5,0.7315998384,7315.128417079362,"efSearch=30,chunk=512,threads=16",0.0,0.0,0.0,0,0.0
CPU,ef_search,yfcc,faiss_navix,,10000,5,0.7537299344,4973.862353333234,"efSearch=50,chunk=512,threads=16",0.0,0.0,0.0,0,0.0
CPU,ef_search,yfcc,faiss_navix,,10000,5,0.7739902416,2818.550458958664,"efSearch=100,chunk=512,threads=16",0.0,0.0,0.0,0,0.0
CPU,ef_search,yfcc,faiss_navix,,10000,5,0.6507702639999999,13964.471591377218,"efSearch=10,chunk=512,threads=32",0.0,0.0,0.0,0,0.0
CPU,ef_search,yfcc,faiss_navix,,10000,5,0.6855602128,12485.890943234144,"efSearch=15,chunk=512,threads=32",0.0,0.0,0.0,0,0.0
CPU,ef_search,yfcc,faiss_navix,,10000,5,0.7077200687999999,9649.640840367922,"efSearch=20,chunk=512,threads=32",0.0,0.0,0.0,0,0.0
CPU,ef_search,yfcc,faiss_navix,,10000,5,0.7216400768000001,8767.669045043023,"efSearch=25,chunk=512,threads=32",0.0,0.0,0.0,0,0.0
CPU,ef_search,yfcc,faiss_navix,,10000,5,0.7315998384,7764.3006772023045,"efSearch=30,chunk=512,threads=32",0.0,0.0,0.0,0,0.0
CPU,ef_search,yfcc,faiss_navix,,10000,5,0.7537299344,5313.038941387616,"efSearch=50,chunk=512,threads=32",0.0,0.0,0.0,0,0.0
CPU,ef_search,yfcc,faiss_navix,,10000,5,0.7739902416,3018.5234711329545,"efSearch=100,chunk=512,threads=32",0.0,0.0,0.0,0,0.0
CPU,ef_search,yfcc,faiss_navix,,10000,5,0.6507702639999999,8337.953949480338,"efSearch=10,chunk=512,threads=8",0.0,0.0,0.0,0,0.0
CPU,ef_search,yfcc,faiss_navix,,10000,5,0.6855602128,6622.349901128316,"efSearch=15,chunk=512,threads=8",0.0,0.0,0.0,0,0.0
CPU,ef_search,yfcc,faiss_navix,,10000,5,0.7077200687999999,5431.665305129231,"efSearch=20,chunk=512,threads=8",0.0,0.0,0.0,0,0.0
CPU,ef_search,yfcc,faiss_navix,,10000,5,0.7216400768000001,4643.217489700183,"efSearch=25,chunk=512,threads=8",0.0,0.0,0.0,0,0.0
CPU,ef_search,yfcc,faiss_navix,,10000,5,0.7315998384,4061.2072669618356,"efSearch=30,chunk=512,threads=8",0.0,0.0,0.0,0,0.0
CPU,ef_search,yfcc,faiss_navix,,10000,5,0.7537299344,2735.223774127409,"efSearch=50,chunk=512,threads=8",0.0,0.0,0.0,0,0.0
CPU,ef_search,yfcc,faiss_navix,,10000,5,0.7739902416,1550.2433882119494,"efSearch=100,chunk=512,threads=8",0.0,0.0,0.0,0,0.0
CPU,ef_search,em,faiss_navix,,10000,1,0.87166,17195.54429056343,"efSearch=10,chunk=10000,threads=16",0.0,0.0,1.0,0,0.0
CPU,ef_search,em,faiss_navix,,10000,1,0.91824,13148.984569666607,"efSearch=15,chunk=10000,threads=16",0.0,0.0,1.0,0,0.0
CPU,ef_search,em,faiss_navix,,10000,1,0.94296,10456.247921820725,"efSearch=20,chunk=10000,threads=16",0.0,0.0,1.0,0,0.0
CPU,ef_search,em,faiss_navix,,10000,1,0.95801,8732.938022338856,"efSearch=25,chunk=10000,threads=16",0.0,0.0,1.0,0,0.0
CPU,ef_search,em,faiss_navix,,10000,1,0.9676899999999999,7556.408590125286,"efSearch=30,chunk=10000,threads=16",0.0,0.0,1.0,0,0.0
CPU,ef_search,em,faiss_navix,,10000,1,0.98595,4948.731145334336,"efSearch=50,chunk=10000,threads=16",0.0,0.0,1.0,0,0.0
CPU,ef_search,em,faiss_navix,,10000,1,0.99559,2734.3023700932945,"efSearch=100,chunk=10000,threads=16",0.0,0.0,1.0,0,0.0
CPU,ef_search,em,faiss_navix,,10000,1,0.87166,17422.42230906332,"efSearch=10,chunk=10000,threads=32",0.0,0.0,1.0,0,0.0
CPU,ef_search,em,faiss_navix,,10000,1,0.91824,12925.140173145179,"efSearch=15,chunk=10000,threads=32",0.0,0.0,1.0,0,0.0
CPU,ef_search,em,faiss_navix,,10000,1,0.94296,10359.473738734072,"efSearch=20,chunk=10000,threads=32",0.0,0.0,1.0,0,0.0
CPU,ef_search,em,faiss_navix,,10000,1,0.95801,8562.67018306989,"efSearch=25,chunk=10000,threads=32",0.0,0.0,1.0,0,0.0
CPU,ef_search,em,faiss_navix,,10000,1,0.9676899999999999,7432.6232700569335,"efSearch=30,chunk=10000,threads=32",0.0,0.0,1.0,0,0.0
CPU,ef_search,em,faiss_navix,,10000,1,0.98595,4825.509573810995,"efSearch=50,chunk=10000,threads=32",0.0,0.0,1.0,0,0.0
CPU,ef_search,em,faiss_navix,,10000,1,0.99559,2678.997197768931,"efSearch=100,chunk=10000,threads=32",0.0,0.0,1.0,0,0.0
CPU,ef_search,em,faiss_navix,,10000,1,0.87166,11172.834816340941,"efSearch=10,chunk=10000,threads=8",0.0,0.0,1.0,0,0.0
CPU,ef_search,em,faiss_navix,,10000,1,0.91824,8474.719910506958,"efSearch=15,chunk=10000,threads=8",0.0,0.0,1.0,0,0.0
CPU,ef_search,em,faiss_navix,,10000,1,0.94296,6791.171477079796,"efSearch=20,chunk=10000,threads=8",0.0,0.0,1.0,0,0.0
CPU,ef_search,em,faiss_navix,,10000,1,0.95801,5723.3777085885,"efSearch=25,chunk=10000,threads=8",0.0,0.0,1.0,0,0.0
CPU,ef_search,em,faiss_navix,,10000,1,0.9676899999999999,4994.755506717946,"efSearch=30,chunk=10000,threads=8",0.0,0.0,1.0,0,0.0
CPU,ef_search,em,faiss_navix,,10000,1,0.98595,3291.8776211575555,"efSearch=50,chunk=10000,threads=8",0.0,0.0,1.0,0,0.0
CPU,ef_search,em,faiss_navix,,10000,1,0.99559,1847.2986028880666,"efSearch=100,chunk=10000,threads=8",0.0,0.0,1.0,0,0.0
CPU,ef_search,emis,faiss_navix,,10000,1,0.78529,17842.200014630605,"efSearch=10,chunk=10000,threads=16",0.0,0.0,0.0,0,0.0
CPU,ef_search,emis,faiss_navix,,10000,1,0.8472199999999999,13754.19330968529,"efSearch=15,chunk=10000,threads=16",0.0,0.0,0.0,0,0.0
CPU,ef_search,emis,faiss_navix,,10000,1,0.88185,10989.36119942284,"efSearch=20,chunk=10000,threads=16",0.0,0.0,0.0,0,0.0
CPU,ef_search,emis,faiss_navix,,10000,1,0.90374,9065.5256191754,"efSearch=25,chunk=10000,threads=16",0.0,0.0,0.0,0,0.0
CPU,ef_search,emis,faiss_navix,,10000,1,0.91922,7921.545018140338,"efSearch=30,chunk=10000,threads=16",0.0,0.0,0.0,0,0.0
CPU,ef_search,emis,faiss_navix,,10000,1,0.95165,5444.754795467787,"efSearch=50,chunk=10000,threads=16",0.0,0.0,0.0,0,0.0
CPU,ef_search,emis,faiss_navix,,10000,1,0.97782,3216.664897500973,"efSearch=100,chunk=10000,threads=16",0.0,0.0,0.0,0,0.0
CPU,ef_search,emis,faiss_navix,,10000,1,0.78529,17541.39769856862,"efSearch=10,chunk=10000,threads=32",0.0,0.0,0.0,0,0.0
CPU,ef_search,emis,faiss_navix,,10000,1,0.8472199999999999,13370.682105347603,"efSearch=15,chunk=10000,threads=32",0.0,0.0,0.0,0,0.0
CPU,ef_search,emis,faiss_navix,,10000,1,0.88185,10799.789188115048,"efSearch=20,chunk=10000,threads=32",0.0,0.0,0.0,0,0.0
CPU,ef_search,emis,faiss_navix,,10000,1,0.90374,9216.080216762208,"efSearch=25,chunk=10000,threads=32",0.0,0.0,0.0,0,0.0
CPU,ef_search,emis,faiss_navix,,10000,1,0.91922,7959.121949666513,"efSearch=30,chunk=10000,threads=32",0.0,0.0,0.0,0,0.0
CPU,ef_search,emis,faiss_navix,,10000,1,0.95165,5328.502158043374,"efSearch=50,chunk=10000,threads=32",0.0,0.0,0.0,0,0.0
CPU,ef_search,emis,faiss_navix,,10000,1,0.97782,3096.0135729235035,"efSearch=100,chunk=10000,threads=32",0.0,0.0,0.0,0,0.0
CPU,ef_search,emis,faiss_navix,,10000,1,0.78529,11726.188801020648,"efSearch=10,chunk=10000,threads=8",0.0,0.0,0.0,0,0.0
CPU,ef_search,emis,faiss_navix,,10000,1,0.8472199999999999,8989.733724087093,"efSearch=15,chunk=10000,threads=8",0.0,0.0,0.0,0,0.0
CPU,ef_search,emis,faiss_navix,,10000,1,0.88185,7367.188018005408,"efSearch=20,chunk=10000,threads=8",0.0,0.0,0.0,0,0.0
CPU,ef_search,emis,faiss_navix,,10000,1,0.90374,6273.486364577387,"efSearch=25,chunk=10000,threads=8",0.0,0.0,0.0,0,0.0
CPU,ef_search,emis,faiss_navix,,10000,1,0.91922,5480.953685941354,"efSearch=30,chunk=10000,threads=8",0.0,0.0,0.0,0,0.0
CPU,ef_search,emis,faiss_navix,,10000,1,0.95165,3728.908362077002,"efSearch=50,chunk=10000,threads=8",0.0,0.0,0.0,0,0.0
CPU,ef_search,emis,faiss_navix,,10000,1,0.97782,2188.1981719792475,"efSearch=100,chunk=10000,threads=8",0.0,0.0,0.0,0,0.0
CPU,ef_search,r,faiss_navix,,10000,1,0.85701,21127.355700160566,"efSearch=10,chunk=10000,threads=16",0.0,0.0,0.0,0,0.0
CPU,ef_search,r,faiss_navix,,10000,1,0.9064,16214.41948324645,"efSearch=15,chunk=10000,threads=16",0.0,0.0,0.0,0,0.0
CPU,ef_search,r,faiss_navix,,10000,1,0.93253,12939.640459150201,"efSearch=20,chunk=10000,threads=16",0.0,0.0,0.0,0,0.0
CPU,ef_search,r,faiss_navix,,10000,1,0.94962,10910.336671169,"efSearch=25,chunk=10000,threads=16",0.0,0.0,0.0,0,0.0
CPU,ef_search,r,faiss_navix,,10000,1,0.96024,9562.97217175098,"efSearch=30,chunk=10000,threads=16",0.0,0.0,0.0,0,0.0
CPU,ef_search,r,faiss_navix,,10000,1,0.981,6252.031910370871,"efSearch=50,chunk=10000,threads=16",0.0,0.0,0.0,0,0.0
CPU,ef_search,r,faiss_navix,,10000,1,0.99413,3414.670791588983,"efSearch=100,chunk=10000,threads=16",0.0,0.0,0.0,0,0.0
CPU,ef_search,r,faiss_navix,,10000,1,0.85701,21501.677130816202,"efSearch=10,chunk=10000,threads=32",0.0,0.0,0.0,0,0.0
CPU,ef_search,r,faiss_navix,,10000,1,0.9064,15971.583358887867,"efSearch=15,chunk=10000,threads=32",0.0,0.0,0.0,0,0.0
CPU,ef_search,r,faiss_navix,,10000,1,0.93253,13081.728096281518,"efSearch=20,chunk=10000,threads=32",0.0,0.0,0.0,0,0.0
CPU,ef_search,r,faiss_navix,,10000,1,0.94962,10920.631037743884,"efSearch=25,chunk=10000,threads=32",0.0,0.0,0.0,0,0.0
CPU,ef_search,r,faiss_navix,,10000,1,0.96024,9298.606138939773,"efSearch=30,chunk=10000,threads=32",0.0,0.0,0.0,0,0.0
CPU,ef_search,r,faiss_navix,,10000,1,0.981,6056.348264250588,"efSearch=50,chunk=10000,threads=32",0.0,0.0,0.0,0,0.0
CPU,ef_search,r,faiss_navix,,10000,1,0.99413,3375.4704561948324,"efSearch=100,chunk=10000,threads=32",0.0,0.0,0.0,0,0.0
CPU,ef_search,r,faiss_navix,,10000,1,0.85701,13213.56557496188,"efSearch=10,chunk=10000,threads=8",0.0,0.0,0.0,0,0.0
CPU,ef_search,r,faiss_navix,,10000,1,0.9064,10097.195604892697,"efSearch=15,chunk=10000,threads=8",0.0,0.0,0.0,0,0.0
CPU,ef_search,r,faiss_navix,,10000,1,0.93253,8163.065394316874,"efSearch=20,chunk=10000,threads=8",0.0,0.0,0.0,0,0.0
CPU,ef_search,r,faiss_navix,,10000,1,0.94962,6989.585517578807,"efSearch=25,chunk=10000,threads=8",0.0,0.0,0.0,0,0.0
CPU,ef_search,r,faiss_navix,,10000,1,0.96024,6061.965410425369,"efSearch=30,chunk=10000,threads=8",0.0,0.0,0.0,0,0.0
CPU,ef_search,r,faiss_navix,,10000,1,0.981,4012.180981459712,"efSearch=50,chunk=10000,threads=8",0.0,0.0,0.0,0,0.0
CPU,ef_search,r,faiss_navix,,10000,1,0.99413,2272.8615781841654,"efSearch=100,chunk=10000,threads=8",0.0,0.0,0.0,0,0.0
CPU,ef_search,yfcc,acorn_1,,10000,5,0.2473202592,3008.736769832239,"efSearch=250,chunk=512,threads=32",0.0,0.0,4422.0,0,0.0
CPU,ef_search,yfcc,acorn_1,,10000,5,0.29855998559999997,1536.100669893502,"efSearch=500,chunk=512,threads=32",0.0,0.0,4422.0,0,0.0
CPU,ef_search,yfcc,acorn_1,,10000,5,0.3228301168,1020.5716630113192,"efSearch=750,chunk=512,threads=32",0.0,0.0,4422.0,0,0.0
CPU,ef_search,yfcc,acorn_1,,10000,5,0.03734001072,33019.2977984053,"efSearch=10,chunk=512,threads=16",0.0,0.0,4422.0,0,0.0
CPU,ef_search,yfcc,acorn_1,,10000,5,0.05039999088,26178.312001499493,"efSearch=15,chunk=512,threads=16",0.0,0.0,4422.0,0,0.0
CPU,ef_search,yfcc,acorn_1,,10000,5,0.0620199936,21640.290758946638,"efSearch=20,chunk=512,threads=16",0.0,0.0,4422.0,0,0.0
CPU,ef_search,yfcc,acorn_1,,10000,5,0.07397002032000001,18501.380758045972,"efSearch=25,chunk=512,threads=16",0.0,0.0,4422.0,0,0.0
CPU,ef_search,yfcc,acorn_1,,10000,5,0.08388999856,15946.852330552736,"efSearch=30,chunk=512,threads=16",0.0,0.0,4422.0,0,0.0
CPU,ef_search,yfcc,acorn_1,,10000,5,0.11796022399999999,10678.546906051213,"efSearch=50,chunk=512,threads=16",0.0,0.0,4422.0,0,0.0
CPU,ef_search,yfcc,acorn_1,,10000,5,0.170870056,5912.052309838838,"efSearch=100,chunk=512,threads=16",0.0,0.0,4422.0,0,0.0
CPU,ef_search,yfcc,acorn_1,,10000,5,0.03734001072,32699.347484520946,"efSearch=10,chunk=512,threads=32",0.0,0.0,4422.0,0,0.0
CPU,ef_search,yfcc,acorn_1,,10000,5,0.05039999088,27676.987415273823,"efSearch=15,chunk=512,threads=32",0.0,0.0,4422.0,0,0.0
CPU,ef_search,yfcc,acorn_1,,10000,5,0.0620199936,23607.198873653328,"efSearch=20,chunk=512,threads=32",0.0,0.0,4422.0,0,0.0
CPU,ef_search,yfcc,acorn_1,,10000,5,0.07397002032000001,20639.847661412383,"efSearch=25,chunk=512,threads=32",0.0,0.0,4422.0,0,0.0
CPU,ef_search,yfcc,acorn_1,,10000,5,0.08388999856,17868.661762314634,"efSearch=30,chunk=512,threads=32",0.0,0.0,4422.0,0,0.0
CPU,ef_search,yfcc,acorn_1,,10000,5,0.11796022399999999,12266.326480545607,"efSearch=50,chunk=512,threads=32",0.0,0.0,4422.0,0,0.0
CPU,ef_search,yfcc,acorn_1,,10000,5,0.170870056,6868.9291545515935,"efSearch=100,chunk=512,threads=32",0.0,0.0,4422.0,0,0.0
CPU,ef_search,yfcc,acorn_1,,10000,5,0.03734001072,20486.19895991568,"efSearch=10,chunk=512,threads=8",0.0,0.0,4422.0,0,0.0
CPU,ef_search,yfcc,acorn_1,,10000,5,0.05039999088,15957.743894168243,"efSearch=15,chunk=512,threads=8",0.0,0.0,4422.0,0,0.0
CPU,ef_search,yfcc,acorn_1,,10000,5,0.0620199936,13032.847990074184,"efSearch=20,chunk=512,threads=8",0.0,0.0,4422.0,0,0.0
CPU,ef_search,yfcc,acorn_1,,10000,5,0.07397002032000001,11036.358178382865,"efSearch=25,chunk=512,threads=8",0.0,0.0,4422.0,0,0.0
CPU,ef_search,yfcc,acorn_1,,10000,5,0.08388999856,9592.942663940992,"efSearch=30,chunk=512,threads=8",0.0,0.0,4422.0,0,0.0
CPU,ef_search,yfcc,acorn_1,,10000,5,0.11796022399999999,6289.153913834818,"efSearch=50,chunk=512,threads=8",0.0,0.0,4422.0,0,0.0
CPU,ef_search,yfcc,acorn_1,,10000,5,0.170870056,3425.299191321114,"efSearch=100,chunk=512,threads=8",0.0,0.0,4422.0,0,0.0
CPU,ef_search,em,acorn_1,,10000,1,0.7816,1160.6192600123723,"efSearch=250,chunk=10000,threads=32",0.0,0.0,6.0,0,0.0
CPU,ef_search,em,acorn_1,,10000,1,0.8616,745.8289515882427,"efSearch=500,chunk=10000,threads=32",0.0,0.0,6.0,0,0.0
CPU,ef_search,em,acorn_1,,10000,1,0.89392,581.4325334759782,"efSearch=750,chunk=10000,threads=32",0.0,0.0,6.0,0,0.0
CPU,ef_search,em,acorn_1,,10000,1,0.21031,11656.886538860563,"efSearch=10,chunk=10000,threads=16",0.0,0.0,6.0,0,0.0
CPU,ef_search,em,acorn_1,,10000,1,0.26896,8606.444505645828,"efSearch=15,chunk=10000,threads=16",0.0,0.0,6.0,0,0.0
CPU,ef_search,em,acorn_1,,10000,1,0.31681,6943.094398311439,"efSearch=20,chunk=10000,threads=16",0.0,0.0,6.0,0,0.0
CPU,ef_search,em,acorn_1,,10000,1,0.35683,5844.774479376713,"efSearch=25,chunk=10000,threads=16",0.0,0.0,6.0,0,0.0
CPU,ef_search,em,acorn_1,,10000,1,0.39053,5031.547804735693,"efSearch=30,chunk=10000,threads=16",0.0,0.0,6.0,0,0.0
CPU,ef_search,em,acorn_1,,10000,1,0.48271,3399.660713860757,"efSearch=50,chunk=10000,threads=16",0.0,0.0,6.0,0,0.0
CPU,ef_search,em,acorn_1,,10000,1,0.61921,2005.8490558468493,"efSearch=100,chunk=10000,threads=16",0.0,0.0,6.0,0,0.0
CPU,ef_search,em,acorn_1,,10000,1,0.21031,13860.071490248745,"efSearch=10,chunk=10000,threads=32",0.0,0.0,6.0,0,0.0
CPU,ef_search,em,acorn_1,,10000,1,0.26896,10024.399388110662,"efSearch=15,chunk=10000,threads=32",0.0,0.0,6.0,0,0.0
CPU,ef_search,em,acorn_1,,10000,1,0.31681,7955.765941366005,"efSearch=20,chunk=10000,threads=32",0.0,0.0,6.0,0,0.0
CPU,ef_search,em,acorn_1,,10000,1,0.35683,6403.934577404358,"efSearch=25,chunk=10000,threads=32",0.0,0.0,6.0,0,0.0
CPU,ef_search,em,acorn_1,,10000,1,0.39053,5785.93208472919,"efSearch=30,chunk=10000,threads=32",0.0,0.0,6.0,0,0.0
CPU,ef_search,em,acorn_1,,10000,1,0.48271,3842.2524820951035,"efSearch=50,chunk=10000,threads=32",0.0,0.0,6.0,0,0.0
CPU,ef_search,em,acorn_1,,10000,1,0.61921,2304.630694454367,"efSearch=100,chunk=10000,threads=32",0.0,0.0,6.0,0,0.0
CPU,ef_search,em,acorn_1,,10000,1,0.21031,7055.121665573122,"efSearch=10,chunk=10000,threads=8",0.0,0.0,6.0,0,0.0
CPU,ef_search,em,acorn_1,,10000,1,0.26896,5216.103153655967,"efSearch=15,chunk=10000,threads=8",0.0,0.0,6.0,0,0.0
CPU,ef_search,em,acorn_1,,10000,1,0.31681,4181.61594366527,"efSearch=20,chunk=10000,threads=8",0.0,0.0,6.0,0,0.0
CPU,ef_search,em,acorn_1,,10000,1,0.35683,3508.0457028194164,"efSearch=25,chunk=10000,threads=8",0.0,0.0,6.0,0,0.0
CPU,ef_search,em,acorn_1,,10000,1,0.39053,3075.938776514592,"efSearch=30,chunk=10000,threads=8",0.0,0.0,6.0,0,0.0
CPU,ef_search,em,acorn_1,,10000,1,0.48271,2051.8502559683197,"efSearch=50,chunk=10000,threads=8",0.0,0.0,6.0,0,0.0
CPU,ef_search,em,acorn_1,,10000,1,0.61921,1170.6325747244039,"efSearch=100,chunk=10000,threads=8",0.0,0.0,6.0,0,0.0
CPU,ef_search,emis,acorn_1,,10000,1,0.72039,1438.3563614186796,"efSearch=250,chunk=10000,threads=32",0.0,0.0,40.0,0,0.0
CPU,ef_search,emis,acorn_1,,10000,1,0.80391,961.7974069941907,"efSearch=500,chunk=10000,threads=32",0.0,0.0,40.0,0,0.0
CPU,ef_search,emis,acorn_1,,10000,1,0.84046,789.1912368205063,"efSearch=750,chunk=10000,threads=32",0.0,0.0,40.0,0,0.0
CPU,ef_search,emis,acorn_1,,10000,1,0.18956,12306.435158008473,"efSearch=10,chunk=10000,threads=16",0.0,0.0,40.0,0,0.0
CPU,ef_search,emis,acorn_1,,10000,1,0.24363,9319.577636741502,"efSearch=15,chunk=10000,threads=16",0.0,0.0,40.0,0,0.0
CPU,ef_search,emis,acorn_1,,10000,1,0.28671,7304.068366079907,"efSearch=20,chunk=10000,threads=16",0.0,0.0,40.0,0,0.0
CPU,ef_search,emis,acorn_1,,10000,1,0.32215,6346.30518112355,"efSearch=25,chunk=10000,threads=16",0.0,0.0,40.0,0,0.0
CPU,ef_search,emis,acorn_1,,10000,1,0.35196,5483.117481275154,"efSearch=30,chunk=10000,threads=16",0.0,0.0,40.0,0,0.0
CPU,ef_search,emis,acorn_1,,10000,1,0.44314,3822.1624266144813,"efSearch=50,chunk=10000,threads=16",0.0,0.0,40.0,0,0.0
CPU,ef_search,emis,acorn_1,,10000,1,0.56922,2287.847867268218,"efSearch=100,chunk=10000,threads=16",0.0,0.0,40.0,0,0.0
CPU,ef_search,emis,acorn_1,,10000,1,0.18956,14360.883251763518,"efSearch=10,chunk=10000,threads=32",0.0,0.0,40.0,0,0.0
CPU,ef_search,emis,acorn_1,,10000,1,0.24363,10828.651746228381,"efSearch=15,chunk=10000,threads=32",0.0,0.0,40.0,0,0.0
CPU,ef_search,emis,acorn_1,,10000,1,0.28671,8678.822804474801,"efSearch=20,chunk=10000,threads=32",0.0,0.0,40.0,0,0.0
CPU,ef_search,emis,acorn_1,,10000,1,0.32215,7323.807501043642,"efSearch=25,chunk=10000,threads=32",0.0,0.0,40.0,0,0.0
CPU,ef_search,emis,acorn_1,,10000,1,0.35196,6426.69391584887,"efSearch=30,chunk=10000,threads=32",0.0,0.0,40.0,0,0.0
CPU,ef_search,emis,acorn_1,,10000,1,0.44314,4415.927366826671,"efSearch=50,chunk=10000,threads=32",0.0,0.0,40.0,0,0.0
CPU,ef_search,emis,acorn_1,,10000,1,0.56922,2695.613966515083,"efSearch=100,chunk=10000,threads=32",0.0,0.0,40.0,0,0.0
CPU,ef_search,emis,acorn_1,,10000,1,0.18956,7605.025400784838,"efSearch=10,chunk=10000,threads=8",0.0,0.0,40.0,0,0.0
CPU,ef_search,emis,acorn_1,,10000,1,0.24363,5722.100468640028,"efSearch=15,chunk=10000,threads=8",0.0,0.0,40.0,0,0.0
CPU,ef_search,emis,acorn_1,,10000,1,0.28671,4676.656003890977,"efSearch=20,chunk=10000,threads=8",0.0,0.0,40.0,0,0.0
CPU,ef_search,emis,acorn_1,,10000,1,0.32215,3990.5822259467654,"efSearch=25,chunk=10000,threads=8",0.0,0.0,40.0,0,0.0
CPU,ef_search,emis,acorn_1,,10000,1,0.35196,3510.2868957479895,"efSearch=30,chunk=10000,threads=8",0.0,0.0,40.0,0,0.0
CPU,ef_search,emis,acorn_1,,10000,1,0.44314,2395.662891900503,"efSearch=50,chunk=10000,threads=8",0.0,0.0,40.0,0,0.0
CPU,ef_search,emis,acorn_1,,10000,1,0.56922,1442.6267347586486,"efSearch=100,chunk=10000,threads=8",0.0,0.0,40.0,0,0.0
CPU,ef_search,r,acorn_1,,10000,1,0.75537,1208.1759684134474,"efSearch=250,chunk=10000,threads=32",0.0,0.0,3.0,0,0.0
CPU,ef_search,r,acorn_1,,10000,1,0.8337200000000001,748.7551944891618,"efSearch=500,chunk=10000,threads=32",0.0,0.0,3.0,0,0.0
CPU,ef_search,r,acorn_1,,10000,1,0.8688600000000001,574.3825387708214,"efSearch=750,chunk=10000,threads=32",0.0,0.0,3.0,0,0.0
CPU,ef_search,r,acorn_1,,10000,1,0.19104,12101.614839484182,"efSearch=10,chunk=10000,threads=16",0.0,0.0,3.0,0,0.0
CPU,ef_search,r,acorn_1,,10000,1,0.2454,9011.688159542928,"efSearch=15,chunk=10000,threads=16",0.0,0.0,3.0,0,0.0
CPU,ef_search,r,acorn_1,,10000,1,0.2887,7228.462795101993,"efSearch=20,chunk=10000,threads=16",0.0,0.0,3.0,0,0.0
CPU,ef_search,r,acorn_1,,10000,1,0.3268,6080.39498245806,"efSearch=25,chunk=10000,threads=16",0.0,0.0,3.0,0,0.0
CPU,ef_search,r,acorn_1,,10000,1,0.35886,5253.259647611343,"efSearch=30,chunk=10000,threads=16",0.0,0.0,3.0,0,0.0
CPU,ef_search,r,acorn_1,,10000,1,0.45557,3550.732871264629,"efSearch=50,chunk=10000,threads=16",0.0,0.0,3.0,0,0.0
CPU,ef_search,r,acorn_1,,10000,1,0.59835,2095.285189267111,"efSearch=100,chunk=10000,threads=16",0.0,0.0,3.0,0,0.0
CPU,ef_search,r,acorn_1,,10000,1,0.19104,14494.350102330112,"efSearch=10,chunk=10000,threads=32",0.0,0.0,3.0,0,0.0
CPU,ef_search,r,acorn_1,,10000,1,0.2454,10719.411890186057,"efSearch=15,chunk=10000,threads=32",0.0,0.0,3.0,0,0.0
CPU,ef_search,r,acorn_1,,10000,1,0.2887,8587.081594449312,"efSearch=20,chunk=10000,threads=32",0.0,0.0,3.0,0,0.0
CPU,ef_search,r,acorn_1,,10000,1,0.3268,7164.401521718883,"efSearch=25,chunk=10000,threads=32",0.0,0.0,3.0,0,0.0
CPU,ef_search,r,acorn_1,,10000,1,0.35886,6213.611537433902,"efSearch=30,chunk=10000,threads=32",0.0,0.0,3.0,0,0.0
CPU,ef_search,r,acorn_1,,10000,1,0.45557,4187.183867617995,"efSearch=50,chunk=10000,threads=32",0.0,0.0,3.0,0,0.0
CPU,ef_search,r,acorn_1,,10000,1,0.59835,2442.097859745436,"efSearch=100,chunk=10000,threads=32",0.0,0.0,3.0,0,0.0
CPU,ef_search,r,acorn_1,,10000,1,0.19104,7403.45889599621,"efSearch=10,chunk=10000,threads=8",0.0,0.0,3.0,0,0.0
CPU,ef_search,r,acorn_1,,10000,1,0.2454,5532.227994180096,"efSearch=15,chunk=10000,threads=8",0.0,0.0,3.0,0,0.0
CPU,ef_search,r,acorn_1,,10000,1,0.2887,4462.652064869111,"efSearch=20,chunk=10000,threads=8",0.0,0.0,3.0,0,0.0
CPU,ef_search,r,acorn_1,,10000,1,0.3268,3748.125937031484,"efSearch=25,chunk=10000,threads=8",0.0,0.0,3.0,0,0.0
CPU,ef_search,r,acorn_1,,10000,1,0.35886,3244.8569018106305,"efSearch=30,chunk=10000,threads=8",0.0,0.0,3.0,0,0.0
CPU,ef_search,r,acorn_1,,10000,1,0.45557,2160.1118073871503,"efSearch=50,chunk=10000,threads=8",0.0,0.0,3.0,0,0.0
CPU,ef_search,r,acorn_1,,10000,1,0.59835,1242.185102970934,"efSearch=100,chunk=10000,threads=8",0.0,0.0,3.0,0,0.0
CPU,ef_search,yfcc,acorn_1_navix_seeded,,10000,5,0.30768005919999997,2682.909357639061,"efSearch=250,chunk=512,threads=32",0.0,0.0,0.0,0,0.0
CPU,ef_search,yfcc,acorn_1_navix_seeded,,10000,5,0.36203989599999997,1414.8954533749502,"efSearch=500,chunk=512,threads=32",0.0,0.0,0.0,0,0.0
CPU,ef_search,yfcc,acorn_1_navix_seeded,,10000,5,0.3879798608,956.694276863497,"efSearch=750,chunk=512,threads=32",0.0,0.0,0.0,0,0.0
CPU,ef_search,yfcc,acorn_1_navix_seeded,,10000,5,0.06763997504000001,16883.393156823087,"efSearch=10,chunk=512,threads=32",0.0,0.0,0.0,0,0.0
CPU,ef_search,yfcc,acorn_1_navix_seeded,,10000,5,0.08542997472,15301.469553135883,"efSearch=15,chunk=512,threads=32",0.0,0.0,0.0,0,0.0
CPU,ef_search,yfcc,acorn_1_navix_seeded,,10000,5,0.099870072,13700.262908045204,"efSearch=20,chunk=512,threads=32",0.0,0.0,0.0,0,0.0
CPU,ef_search,yfcc,acorn_1_navix_seeded,,10000,5,0.1143300464,10654.653899550054,"efSearch=25,chunk=512,threads=32",0.0,0.0,0.0,0,0.0
CPU,ef_search,yfcc,acorn_1_navix_seeded,,10000,5,0.1267200896,11584.988635126148,"efSearch=30,chunk=512,threads=32",0.0,0.0,0.0,0,0.0
CPU,ef_search,yfcc,acorn_1_navix_seeded,,10000,5,0.166039856,9458.044587113793,"efSearch=50,chunk=512,threads=32",0.0,0.0,0.0,0,0.0
CPU,ef_search,yfcc,acorn_1_navix_seeded,,10000,5,0.2251501264,5815.7929019410785,"efSearch=100,chunk=512,threads=32",0.0,0.0,0.0,0,0.0
CPU,ef_search,em,acorn_1_navix_seeded,,10000,1,0.78185,1198.5894998765452,"efSearch=250,chunk=10000,threads=32",0.0,0.0,1.0,0,0.0
CPU,ef_search,em,acorn_1_navix_seeded,,10000,1,0.8617799999999999,762.1370322383964,"efSearch=500,chunk=10000,threads=32",0.0,0.0,1.0,0,0.0
CPU,ef_search,em,acorn_1_navix_seeded,,10000,1,0.8941,586.5653081814129,"efSearch=750,chunk=10000,threads=32",0.0,0.0,1.0,0,0.0
CPU,ef_search,em,acorn_1_navix_seeded,,10000,1,0.21169000000000002,13659.410787656265,"efSearch=10,chunk=10000,threads=32",0.0,0.0,1.0,0,0.0
CPU,ef_search,em,acorn_1_navix_seeded,,10000,1,0.27074,9934.728831576542,"efSearch=15,chunk=10000,threads=32",0.0,0.0,1.0,0,0.0
CPU,ef_search,em,acorn_1_navix_seeded,,10000,1,0.31963,7896.21218701389,"efSearch=20,chunk=10000,threads=32",0.0,0.0,1.0,0,0.0
CPU,ef_search,em,acorn_1_navix_seeded,,10000,1,0.35993,6634.027252583954,"efSearch=25,chunk=10000,threads=32",0.0,0.0,1.0,0,0.0
CPU,ef_search,em,acorn_1_navix_seeded,,10000,1,0.39393,5756.687832088929,"efSearch=30,chunk=10000,threads=32",0.0,0.0,1.0,0,0.0
CPU,ef_search,em,acorn_1_navix_seeded,,10000,1,0.48667,3869.5946599593694,"efSearch=50,chunk=10000,threads=32",0.0,0.0,1.0,0,0.0
CPU,ef_search,em,acorn_1_navix_seeded,,10000,1,0.62175,2299.5800966743473,"efSearch=100,chunk=10000,threads=32",0.0,0.0,1.0,0,0.0
CPU,ef_search,emis,acorn_1_navix_seeded,,10000,1,0.7232,1455.7079034749204,"efSearch=250,chunk=10000,threads=32",0.0,0.0,0.0,0,0.0
CPU,ef_search,emis,acorn_1_navix_seeded,,10000,1,0.80702,987.2447972199186,"efSearch=500,chunk=10000,threads=32",0.0,0.0,0.0,0,0.0
CPU,ef_search,emis,acorn_1_navix_seeded,,10000,1,0.8435,801.8860359565699,"efSearch=750,chunk=10000,threads=32",0.0,0.0,0.0,0,0.0
CPU,ef_search,emis,acorn_1_navix_seeded,,10000,1,0.19175,13706.685161553845,"efSearch=10,chunk=10000,threads=32",0.0,0.0,0.0,0,0.0
CPU,ef_search,emis,acorn_1_navix_seeded,,10000,1,0.24570999999999998,10049.554352512238,"efSearch=15,chunk=10000,threads=32",0.0,0.0,0.0,0,0.0
CPU,ef_search,emis,acorn_1_navix_seeded,,10000,1,0.28894,8584.722627611902,"efSearch=20,chunk=10000,threads=32",0.0,0.0,0.0,0,0.0
CPU,ef_search,emis,acorn_1_navix_seeded,,10000,1,0.32431,7270.242171766742,"efSearch=25,chunk=10000,threads=32",0.0,0.0,0.0,0,0.0
CPU,ef_search,emis,acorn_1_navix_seeded,,10000,1,0.35448,6344.855591086747,"efSearch=30,chunk=10000,threads=32",0.0,0.0,0.0,0,0.0
CPU,ef_search,emis,acorn_1_navix_seeded,,10000,1,0.44627,4380.64281552675,"efSearch=50,chunk=10000,threads=32",0.0,0.0,0.0,0,0.0
CPU,ef_search,emis,acorn_1_navix_seeded,,10000,1,0.57219,2692.1233853989997,"efSearch=100,chunk=10000,threads=32",0.0,0.0,0.0,0,0.0
CPU,ef_search,r,acorn_1_navix_seeded,,10000,1,0.7557,1237.522677603067,"efSearch=250,chunk=10000,threads=32",0.0,0.0,0.0,0,0.0
CPU,ef_search,r,acorn_1_navix_seeded,,10000,1,0.83385,760.5314593838174,"efSearch=500,chunk=10000,threads=32",0.0,0.0,0.0,0,0.0
CPU,ef_search,r,acorn_1_navix_seeded,,10000,1,0.8690100000000001,591.1178629907017,"efSearch=750,chunk=10000,threads=32",0.0,0.0,0.0,0,0.0
CPU,ef_search,r,acorn_1_navix_seeded,,10000,1,0.19952,14256.508809096793,"efSearch=10,chunk=10000,threads=32",0.0,0.0,0.0,0,0.0
CPU,ef_search,r,acorn_1_navix_seeded,,10000,1,0.25722,10358.475771007248,"efSearch=15,chunk=10000,threads=32",0.0,0.0,0.0,0,0.0
CPU,ef_search,r,acorn_1_navix_seeded,,10000,1,0.3018,8339.03167164229,"efSearch=20,chunk=10000,threads=32",0.0,0.0,0.0,0,0.0
CPU,ef_search,r,acorn_1_navix_seeded,,10000,1,0.34118,7101.919648881093,"efSearch=25,chunk=10000,threads=32",0.0,0.0,0.0,0,0.0
CPU,ef_search,r,acorn_1_navix_seeded,,10000,1,0.37389,6136.061016990753,"efSearch=30,chunk=10000,threads=32",0.0,0.0,0.0,0,0.0
CPU,ef_search,r,acorn_1_navix_seeded,,10000,1,0.46998,4148.344810420642,"efSearch=50,chunk=10000,threads=32",0.0,0.0,0.0,0,0.0
CPU,ef_search,r,acorn_1_navix_seeded,,10000,1,0.60364,2480.675537562389,"efSearch=100,chunk=10000,threads=32",0.0,0.0,0.0,0,0.0
CPU,ef_search,yfcc,acorn_gamma,,10000,5,0.6053602431999999,2371.6346800344645,"efSearch=250,chunk=512,threads=32",0.0,0.0,3274.0,0,0.0
CPU,ef_search,yfcc,acorn_gamma,,10000,5,0.612360056,1294.9627244979752,"efSearch=500,chunk=512,threads=32",0.0,0.0,3274.0,0,0.0
CPU,ef_search,yfcc,acorn_gamma,,10000,5,0.6151298912000001,878.518466458165,"efSearch=750,chunk=512,threads=32",0.0,0.0,3274.0,0,0.0
CPU,ef_search,yfcc,acorn_gamma,,10000,5,0.3779199328,27407.645143351576,"efSearch=10,chunk=512,threads=16",0.0,0.0,3274.0,0,0.0
CPU,ef_search,yfcc,acorn_gamma,,10000,5,0.44725992640000006,21702.227212769936,"efSearch=15,chunk=512,threads=16",0.0,0.0,3274.0,0,0.0
CPU,ef_search,yfcc,acorn_gamma,,10000,5,0.48580995839999996,17666.845690703,"efSearch=20,chunk=512,threads=16",0.0,0.0,3274.0,0,0.0
CPU,ef_search,yfcc,acorn_gamma,,10000,5,0.5085098752,14825.489167015066,"efSearch=25,chunk=512,threads=16",0.0,0.0,3274.0,0,0.0
CPU,ef_search,yfcc,acorn_gamma,,10000,5,0.5250199520000001,12999.506018771286,"efSearch=30,chunk=512,threads=16",0.0,0.0,3274.0,0,0.0
CPU,ef_search,yfcc,acorn_gamma,,10000,5,0.5589900528,8605.511313665726,"efSearch=50,chunk=512,threads=16",0.0,0.0,3274.0,0,0.0
CPU,ef_search,yfcc,acorn_gamma,,10000,5,0.5861400944,4782.240671044011,"efSearch=100,chunk=512,threads=16",0.0,0.0,3274.0,0,0.0
CPU,ef_search,yfcc,acorn_gamma,,10000,5,0.3779199328,27282.911239413548,"efSearch=10,chunk=512,threads=32",0.0,0.0,3274.0,0,0.0
CPU,ef_search,yfcc,acorn_gamma,,10000,5,0.44725992640000006,22751.311556232937,"efSearch=15,chunk=512,threads=32",0.0,0.0,3274.0,0,0.0
CPU,ef_search,yfcc,acorn_gamma,,10000,5,0.48580995839999996,19027.39564424859,"efSearch=20,chunk=512,threads=32",0.0,0.0,3274.0,0,0.0
CPU,ef_search,yfcc,acorn_gamma,,10000,5,0.5085098752,16192.181766955644,"efSearch=25,chunk=512,threads=32",0.0,0.0,3274.0,0,0.0
CPU,ef_search,yfcc,acorn_gamma,,10000,5,0.5250199520000001,14033.393864038866,"efSearch=30,chunk=512,threads=32",0.0,0.0,3274.0,0,0.0
CPU,ef_search,yfcc,acorn_gamma,,10000,5,0.5589900528,9902.549015141987,"efSearch=50,chunk=512,threads=32",0.0,0.0,3274.0,0,0.0
CPU,ef_search,yfcc,acorn_gamma,,10000,5,0.5861400944,5580.858548117325,"efSearch=100,chunk=512,threads=32",0.0,0.0,3274.0,0,0.0
CPU,ef_search,yfcc,acorn_gamma,,10000,5,0.3779199328,17057.685681437484,"efSearch=10,chunk=512,threads=8",0.0,0.0,3274.0,0,0.0
CPU,ef_search,yfcc,acorn_gamma,,10000,5,0.44725992640000006,13111.762037253136,"efSearch=15,chunk=512,threads=8",0.0,0.0,3274.0,0,0.0
CPU,ef_search,yfcc,acorn_gamma,,10000,5,0.48580995839999996,10608.965212142173,"efSearch=20,chunk=512,threads=8",0.0,0.0,3274.0,0,0.0
CPU,ef_search,yfcc,acorn_gamma,,10000,5,0.5085098752,8878.68432104257,"efSearch=25,chunk=512,threads=8",0.0,0.0,3274.0,0,0.0
CPU,ef_search,yfcc,acorn_gamma,,10000,5,0.5250199520000001,7725.670704102177,"efSearch=30,chunk=512,threads=8",0.0,0.0,3274.0,0,0.0
CPU,ef_search,yfcc,acorn_gamma,,10000,5,0.5589900528,5094.723649452445,"efSearch=50,chunk=512,threads=8",0.0,0.0,3274.0,0,0.0
CPU,ef_search,yfcc,acorn_gamma,,10000,5,0.5861400944,2832.791373130464,"efSearch=100,chunk=512,threads=8",0.0,0.0,3274.0,0,0.0
CPU,ef_search,em,acorn_gamma,,10000,1,0.52637,32083.880096123306,"efSearch=10,chunk=10000,threads=16",0.0,0.0,39.0,0,0.0
CPU,ef_search,em,acorn_gamma,,10000,1,0.67618,23161.659115965795,"efSearch=15,chunk=10000,threads=16",0.0,0.0,39.0,0,0.0
CPU,ef_search,em,acorn_gamma,,10000,1,0.75447,18765.493260373096,"efSearch=20,chunk=10000,threads=16",0.0,0.0,39.0,0,0.0
CPU,ef_search,em,acorn_gamma,,10000,1,0.80196,15903.434346647158,"efSearch=25,chunk=10000,threads=16",0.0,0.0,39.0,0,0.0
CPU,ef_search,em,acorn_gamma,,10000,1,0.83393,13555.113056420447,"efSearch=30,chunk=10000,threads=16",0.0,0.0,39.0,0,0.0
CPU,ef_search,em,acorn_gamma,,10000,1,0.90195,9073.010515619188,"efSearch=50,chunk=10000,threads=16",0.0,0.0,39.0,0,0.0
CPU,ef_search,em,acorn_gamma,,10000,1,0.9522699999999998,5215.776681305613,"efSearch=100,chunk=10000,threads=16",0.0,0.0,39.0,0,0.0
CPU,ef_search,em,acorn_gamma,,10000,1,0.52637,39557.900899546665,"efSearch=10,chunk=10000,threads=32",0.0,0.0,39.0,0,0.0
CPU,ef_search,em,acorn_gamma,,10000,1,0.67618,28605.26451288095,"efSearch=15,chunk=10000,threads=32",0.0,0.0,39.0,0,0.0
CPU,ef_search,em,acorn_gamma,,10000,1,0.75447,21864.85334149621,"efSearch=20,chunk=10000,threads=32",0.0,0.0,39.0,0,0.0
CPU,ef_search,em,acorn_gamma,,10000,1,0.80196,18507.790854560226,"efSearch=25,chunk=10000,threads=32",0.0,0.0,39.0,0,0.0
CPU,ef_search,em,acorn_gamma,,10000,1,0.83393,15828.470035914797,"efSearch=30,chunk=10000,threads=32",0.0,0.0,39.0,0,0.0
CPU,ef_search,em,acorn_gamma,,10000,1,0.90195,10833.250278414533,"efSearch=50,chunk=10000,threads=32",0.0,0.0,39.0,0,0.0
CPU,ef_search,em,acorn_gamma,,10000,1,0.9522699999999998,6140.243153628883,"efSearch=100,chunk=10000,threads=32",0.0,0.0,39.0,0,0.0
CPU,ef_search,em,acorn_gamma,,10000,1,0.52637,19133.958758665292,"efSearch=10,chunk=10000,threads=8",0.0,0.0,39.0,0,0.0
CPU,ef_search,em,acorn_gamma,,10000,1,0.67618,14192.207910169,"efSearch=15,chunk=10000,threads=8",0.0,0.0,39.0,0,0.0
CPU,ef_search,em,acorn_gamma,,10000,1,0.75447,11356.306384061196,"efSearch=20,chunk=10000,threads=8",0.0,0.0,39.0,0,0.0
CPU,ef_search,em,acorn_gamma,,10000,1,0.80196,9597.297401051865,"efSearch=25,chunk=10000,threads=8",0.0,0.0,39.0,0,0.0
CPU,ef_search,em,acorn_gamma,,10000,1,0.83393,8270.409302556383,"efSearch=30,chunk=10000,threads=8",0.0,0.0,39.0,0,0.0
CPU,ef_search,em,acorn_gamma,,10000,1,0.90195,5613.688417838056,"efSearch=50,chunk=10000,threads=8",0.0,0.0,39.0,0,0.0
CPU,ef_search,em,acorn_gamma,,10000,1,0.9522699999999998,3276.175000163809,"efSearch=100,chunk=10000,threads=8",0.0,0.0,39.0,0,0.0
CPU,ef_search,emis,acorn_gamma,,10000,1,0.92168,2861.7216117216117,"efSearch=250,chunk=10000,threads=32",0.0,0.0,130.0,0,0.0
CPU,ef_search,emis,acorn_gamma,,10000,1,0.9434799999999999,1729.7835867754586,"efSearch=500,chunk=10000,threads=32",0.0,0.0,130.0,0,0.0
CPU,ef_search,emis,acorn_gamma,,10000,1,0.95226,1312.2343545578492,"efSearch=750,chunk=10000,threads=32",0.0,0.0,130.0,0,0.0
CPU,ef_search,emis,acorn_gamma,,10000,1,0.40829,31490.2112678274,"efSearch=10,chunk=10000,threads=16",0.0,0.0,130.0,0,0.0
CPU,ef_search,emis,acorn_gamma,,10000,1,0.52999,23564.17585473157,"efSearch=15,chunk=10000,threads=16",0.0,0.0,130.0,0,0.0
CPU,ef_search,emis,acorn_gamma,,10000,1,0.60675,18626.240274774296,"efSearch=20,chunk=10000,threads=16",0.0,0.0,130.0,0,0.0
CPU,ef_search,emis,acorn_gamma,,10000,1,0.66093,15633.696243535467,"efSearch=25,chunk=10000,threads=16",0.0,0.0,130.0,0,0.0
CPU,ef_search,emis,acorn_gamma,,10000,1,0.70178,13713.301491047272,"efSearch=30,chunk=10000,threads=16",0.0,0.0,130.0,0,0.0
CPU,ef_search,emis,acorn_gamma,,10000,1,0.7916,9335.324869305452,"efSearch=50,chunk=10000,threads=16",0.0,0.0,130.0,0,0.0
CPU,ef_search,emis,acorn_gamma,,10000,1,0.86782,5283.485409655042,"efSearch=100,chunk=10000,threads=16",0.0,0.0,130.0,0,0.0
CPU,ef_search,emis,acorn_gamma,,10000,1,0.40829,36700.07596915725,"efSearch=10,chunk=10000,threads=32",0.0,0.0,130.0,0,0.0
CPU,ef_search,emis,acorn_gamma,,10000,1,0.52999,27070.193010476163,"efSearch=15,chunk=10000,threads=32",0.0,0.0,130.0,0,0.0
CPU,ef_search,emis,acorn_gamma,,10000,1,0.60675,21146.298551901476,"efSearch=20,chunk=10000,threads=32",0.0,0.0,130.0,0,0.0
CPU,ef_search,emis,acorn_gamma,,10000,1,0.66093,18338.596510531857,"efSearch=25,chunk=10000,threads=32",0.0,0.0,130.0,0,0.0
CPU,ef_search,emis,acorn_gamma,,10000,1,0.70178,15934.248915276004,"efSearch=30,chunk=10000,threads=32",0.0,0.0,130.0,0,0.0
CPU,ef_search,emis,acorn_gamma,,10000,1,0.7916,10591.559797828306,"efSearch=50,chunk=10000,threads=32",0.0,0.0,130.0,0,0.0
CPU,ef_search,emis,acorn_gamma,,10000,1,0.86782,6062.479918035272,"efSearch=100,chunk=10000,threads=32",0.0,0.0,130.0,0,0.0
CPU,ef_search,emis,acorn_gamma,,10000,1,0.40829,19745.09087678076,"efSearch=10,chunk=10000,threads=8",0.0,0.0,130.0,0,0.0
CPU,ef_search,emis,acorn_gamma,,10000,1,0.52999,14705.341715378112,"efSearch=15,chunk=10000,threads=8",0.0,0.0,130.0,0,0.0
CPU,ef_search,emis,acorn_gamma,,10000,1,0.60675,11767.128526461329,"efSearch=20,chunk=10000,threads=8",0.0,0.0,130.0,0,0.0
CPU,ef_search,emis,acorn_gamma,,10000,1,0.66093,9980.53795099556,"efSearch=25,chunk=10000,threads=8",0.0,0.0,130.0,0,0.0
CPU,ef_search,emis,acorn_gamma,,10000,1,0.70178,8725.16599628308,"efSearch=30,chunk=10000,threads=8",0.0,0.0,130.0,0,0.0
CPU,ef_search,emis,acorn_gamma,,10000,1,0.7916,5900.749395173187,"efSearch=50,chunk=10000,threads=8",0.0,0.0,130.0,0,0.0
CPU,ef_search,emis,acorn_gamma,,10000,1,0.86782,3406.435437829147,"efSearch=100,chunk=10000,threads=8",0.0,0.0,130.0,0,0.0
CPU,ef_search,r,acorn_gamma,,10000,1,0.69391,17476.46793592428,"efSearch=10,chunk=10000,threads=16",0.0,0.0,8.0,0,0.0
CPU,ef_search,r,acorn_gamma,,10000,1,0.79998,13144.62903885158,"efSearch=15,chunk=10000,threads=16",0.0,0.0,8.0,0,0.0
CPU,ef_search,r,acorn_gamma,,10000,1,0.85454,10667.383514838864,"efSearch=20,chunk=10000,threads=16",0.0,0.0,8.0,0,0.0
CPU,ef_search,r,acorn_gamma,,10000,1,0.8871600000000001,8999.037103029976,"efSearch=25,chunk=10000,threads=16",0.0,0.0,8.0,0,0.0
CPU,ef_search,r,acorn_gamma,,10000,1,0.9094399999999999,7948.241054254693,"efSearch=30,chunk=10000,threads=16",0.0,0.0,8.0,0,0.0
CPU,ef_search,r,acorn_gamma,,10000,1,0.95239,5387.408548739885,"efSearch=50,chunk=10000,threads=16",0.0,0.0,8.0,0,0.0
CPU,ef_search,r,acorn_gamma,,10000,1,0.9812,3232.281441209649,"efSearch=100,chunk=10000,threads=16",0.0,0.0,8.0,0,0.0
CPU,ef_search,r,acorn_gamma,,10000,1,0.69391,21721.186845649245,"efSearch=10,chunk=10000,threads=32",0.0,0.0,8.0,0,0.0
CPU,ef_search,r,acorn_gamma,,10000,1,0.79998,16161.563922217625,"efSearch=15,chunk=10000,threads=32",0.0,0.0,8.0,0,0.0
CPU,ef_search,r,acorn_gamma,,10000,1,0.85454,12927.847099766781,"efSearch=20,chunk=10000,threads=32",0.0,0.0,8.0,0,0.0
CPU,ef_search,r,acorn_gamma,,10000,1,0.8871600000000001,10675.537326482485,"efSearch=25,chunk=10000,threads=32",0.0,0.0,8.0,0,0.0
CPU,ef_search,r,acorn_gamma,,10000,1,0.9094399999999999,9499.382540134891,"efSearch=30,chunk=10000,threads=32",0.0,0.0,8.0,0,0.0
CPU,ef_search,r,acorn_gamma,,10000,1,0.95239,6479.915501901854,"efSearch=50,chunk=10000,threads=32",0.0,0.0,8.0,0,0.0
CPU,ef_search,r,acorn_gamma,,10000,1,0.9812,3808.203632264624,"efSearch=100,chunk=10000,threads=32",0.0,0.0,8.0,0,0.0
CPU,ef_search,r,acorn_gamma,,10000,1,0.69391,10740.227198766162,"efSearch=10,chunk=10000,threads=8",0.0,0.0,8.0,0,0.0
CPU,ef_search,r,acorn_gamma,,10000,1,0.79998,8183.172124842473,"efSearch=15,chunk=10000,threads=8",0.0,0.0,8.0,0,0.0
CPU,ef_search,r,acorn_gamma,,10000,1,0.85454,6738.953171014415,"efSearch=20,chunk=10000,threads=8",0.0,0.0,8.0,0,0.0
CPU,ef_search,r,acorn_gamma,,10000,1,0.8871600000000001,5739.3749820644525,"efSearch=25,chunk=10000,threads=8",0.0,0.0,8.0,0,0.0
CPU,ef_search,r,acorn_gamma,,10000,1,0.9094399999999999,5046.299800671158,"efSearch=30,chunk=10000,threads=8",0.0,0.0,8.0,0,0.0
CPU,ef_search,r,acorn_gamma,,10000,1,0.95239,3464.403256539061,"efSearch=50,chunk=10000,threads=8",0.0,0.0,8.0,0,0.0
CPU,ef_search,r,acorn_gamma,,10000,1,0.9812,2032.5285875145835,"efSearch=100,chunk=10000,threads=8",0.0,0.0,8.0,0,0.0
CPU,ef_search,yfcc,acorn_gamma_navix_seeded,,10000,5,0.748629824,2108.17199141721,"efSearch=250,chunk=512,threads=32",0.0,0.0,0.0,0,0.0
CPU,ef_search,yfcc,acorn_gamma_navix_seeded,,10000,5,0.7577999264,1153.9002983986172,"efSearch=500,chunk=512,threads=32",0.0,0.0,0.0,0,0.0
CPU,ef_search,yfcc,acorn_gamma_navix_seeded,,10000,5,0.7614099488,786.4281377696268,"efSearch=750,chunk=512,threads=32",0.0,0.0,0.0,0,0.0
CPU,ef_search,yfcc,acorn_gamma_navix_seeded,,10000,5,0.4907500032,13463.570942921191,"efSearch=10,chunk=512,threads=32",0.0,0.0,0.0,0,0.0
CPU,ef_search,yfcc,acorn_gamma_navix_seeded,,10000,5,0.5635199759999999,13105.215220396956,"efSearch=15,chunk=512,threads=32",0.0,0.0,0.0,0,0.0
CPU,ef_search,yfcc,acorn_gamma_navix_seeded,,10000,5,0.6057299072,12182.775747991975,"efSearch=20,chunk=512,threads=32",0.0,0.0,0.0,0,0.0
CPU,ef_search,yfcc,acorn_gamma_navix_seeded,,10000,5,0.6316500016,11168.779241260152,"efSearch=25,chunk=512,threads=32",0.0,0.0,0.0,0,0.0
CPU,ef_search,yfcc,acorn_gamma_navix_seeded,,10000,5,0.650699664,10140.949050857873,"efSearch=30,chunk=512,threads=32",0.0,0.0,0.0,0,0.0
CPU,ef_search,yfcc,acorn_gamma_navix_seeded,,10000,5,0.6900300608,7662.3772678721125,"efSearch=50,chunk=512,threads=32",0.0,0.0,0.0,0,0.0
CPU,ef_search,yfcc,acorn_gamma_navix_seeded,,10000,5,0.7252400256,4562.312289363745,"efSearch=100,chunk=512,threads=32",0.0,0.0,0.0,0,0.0
CPU,ef_search,em,acorn_gamma_navix_seeded,,10000,1,0.52919,38133.58959105538,"efSearch=10,chunk=10000,threads=32",0.0,0.0,1.0,0,0.0
CPU,ef_search,em,acorn_gamma_navix_seeded,,10000,1,0.67949,27374.910347168614,"efSearch=15,chunk=10000,threads=32",0.0,0.0,1.0,0,0.0
CPU,ef_search,em,acorn_gamma_navix_seeded,,10000,1,0.75754,22295.201849609944,"efSearch=20,chunk=10000,threads=32",0.0,0.0,1.0,0,0.0
CPU,ef_search,em,acorn_gamma_navix_seeded,,10000,1,0.80413,18669.708584518707,"efSearch=25,chunk=10000,threads=32",0.0,0.0,1.0,0,0.0
CPU,ef_search,em,acorn_gamma_navix_seeded,,10000,1,0.8346899999999999,16028.312411042865,"efSearch=30,chunk=10000,threads=32",0.0,0.0,1.0,0,0.0
CPU,ef_search,em,acorn_gamma_navix_seeded,,10000,1,0.9031299999999999,10759.259418655694,"efSearch=50,chunk=10000,threads=32",0.0,0.0,1.0,0,0.0
CPU,ef_search,em,acorn_gamma_navix_seeded,,10000,1,0.9539,6193.983164753758,"efSearch=100,chunk=10000,threads=32",0.0,0.0,1.0,0,0.0
CPU,ef_search,emis,acorn_gamma_navix_seeded,,10000,1,0.93204,2923.344071750557,"efSearch=250,chunk=10000,threads=32",0.0,0.0,0.0,0,0.0
CPU,ef_search,emis,acorn_gamma_navix_seeded,,10000,1,0.95411,1756.0773446705687,"efSearch=500,chunk=10000,threads=32",0.0,0.0,0.0,0,0.0
CPU,ef_search,emis,acorn_gamma_navix_seeded,,10000,1,0.96301,1341.5687768649148,"efSearch=750,chunk=10000,threads=32",0.0,0.0,0.0,0,0.0
CPU,ef_search,emis,acorn_gamma_navix_seeded,,10000,1,0.43005,36718.537720953806,"efSearch=10,chunk=10000,threads=32",0.0,0.0,0.0,0,0.0
CPU,ef_search,emis,acorn_gamma_navix_seeded,,10000,1,0.55049,27166.678438893992,"efSearch=15,chunk=10000,threads=32",0.0,0.0,0.0,0,0.0
CPU,ef_search,emis,acorn_gamma_navix_seeded,,10000,1,0.62339,21970.58577975806,"efSearch=20,chunk=10000,threads=32",0.0,0.0,0.0,0,0.0
CPU,ef_search,emis,acorn_gamma_navix_seeded,,10000,1,0.67486,15094.111786991893,"efSearch=25,chunk=10000,threads=32",0.0,0.0,0.0,0,0.0
CPU,ef_search,emis,acorn_gamma_navix_seeded,,10000,1,0.71443,14104.531503881568,"efSearch=30,chunk=10000,threads=32",0.0,0.0,0.0,0,0.0
CPU,ef_search,emis,acorn_gamma_navix_seeded,,10000,1,0.80091,9966.41318755793,"efSearch=50,chunk=10000,threads=32",0.0,0.0,0.0,0,0.0
CPU,ef_search,emis,acorn_gamma_navix_seeded,,10000,1,0.87705,5896.40024764881,"efSearch=100,chunk=10000,threads=32",0.0,0.0,0.0,0,0.0
CPU,ef_search,r,acorn_gamma_navix_seeded,,10000,1,0.69665,21204.995048633657,"efSearch=10,chunk=10000,threads=32",0.0,0.0,0.0,0,0.0
CPU,ef_search,r,acorn_gamma_navix_seeded,,10000,1,0.80172,15791.551519936835,"efSearch=15,chunk=10000,threads=32",0.0,0.0,0.0,0,0.0
CPU,ef_search,r,acorn_gamma_navix_seeded,,10000,1,0.85719,12673.38778665619,"efSearch=20,chunk=10000,threads=32",0.0,0.0,0.0,0,0.0
CPU,ef_search,r,acorn_gamma_navix_seeded,,10000,1,0.8890399999999999,10827.631682949619,"efSearch=25,chunk=10000,threads=32",0.0,0.0,0.0,0,0.0
CPU,ef_search,r,acorn_gamma_navix_seeded,,10000,1,0.9113,9457.785175867515,"efSearch=30,chunk=10000,threads=32",0.0,0.0,0.0,0,0.0
CPU,ef_search,r,acorn_gamma_navix_seeded,,10000,1,0.9531800000000001,6426.487410511163,"efSearch=50,chunk=10000,threads=32",0.0,0.0,0.0,0,0.0
CPU,ef_search,r,acorn_gamma_navix_seeded,,10000,1,0.9819200000000001,3715.3589222486835,"efSearch=100,chunk=10000,threads=32",0.0,0.0,0.0,0,0.0
