dataset,dataset_title,selectivity_percent,mode,max_throughput_recall,max_recall_qps,max_recall_width,qps_at_recall_target,qps_width,latency_ms_at_recall_target,latency_width,recall_target
sift,SIFT-1M,1,default,0.78369,66484.1919365306,1,,,,,0.9
sift,SIFT-1M,1,favor,0.95473,87221.97651571345,4,87221.97651571345,4,1.7846321974522295,4,0.9
sift,SIFT-1M,2,default,0.9438,66511.14808365025,1,66511.14808365025,1,5.431825862745098,1,0.9
sift,SIFT-1M,2,favor,0.98331,87526.47396811323,4,87526.47396811323,4,1.7876900127388533,4,0.9
sift,SIFT-1M,3,default,0.9562,66293.59504672134,1,66293.59504672134,1,5.087849127272727,1,0.9
sift,SIFT-1M,3,favor,0.98958,83107.20797152452,2,88196.11895444478,4,1.7813808152866242,4,0.9
sift,SIFT-1M,4,default,0.95466,66230.91931945931,1,84547.79584243009,4,2.2345715483870965,4,0.9
sift,SIFT-1M,4,favor,0.99027,83412.23226543504,2,88643.15156224098,4,1.777031152866242,4,0.9
sift,SIFT-1M,5,default,0.96607,84483.03193691834,4,84483.03193691834,4,2.239771282258064,4,0.9
sift,SIFT-1M,5,favor,0.98999,88898.50454448942,4,88898.50454448942,4,1.775547363057325,4,0.9
sift,SIFT-1M,6,default,0.98448,84505.7274168888,4,84505.7274168888,4,2.246843637096774,4,0.9
sift,SIFT-1M,6,favor,0.99001,88886.06705727403,4,88886.06705727403,4,1.7752936369426753,4,0.9
sift,SIFT-1M,7,default,0.99278,84308.41495673008,4,84308.41495673008,4,2.248870926829268,4,0.9
sift,SIFT-1M,7,favor,0.98983,72434.47020954831,1,89010.76639321799,4,1.772856127388535,4,0.9
sift,SIFT-1M,8,default,0.99662,84312.12935165755,4,84312.12935165755,4,2.2539894227642274,4,0.9
sift,SIFT-1M,8,favor,0.98963,89082.34288210937,4,89082.34288210937,4,1.7708582215189874,4,0.9
gist,GIST-1M,1,default,0.7621,15516.498556509492,1,,,,,0.9
gist,GIST-1M,1,favor,0.8221,16261.023325166274,4,,,,,0.9
gist,GIST-1M,2,default,0.8767,15513.955494141528,1,,,,,0.9
gist,GIST-1M,2,favor,0.8854,15472.48764065039,1,,,,,0.9
gist,GIST-1M,3,default,0.8997,15478.857048461601,1,,,6.9059965853658545,1,0.9
gist,GIST-1M,3,favor,0.9114,15578.978674340737,1,16415.08017428347,4,3.6374379350649346,4,0.9
gist,GIST-1M,4,default,0.9193,16575.32584740032,4,16575.32584740032,4,3.932749394366197,4,0.9
gist,GIST-1M,4,favor,0.9261,15669.663339514515,1,16508.44439790732,4,3.6301997272727276,4,0.9
gist,GIST-1M,5,default,0.93806,16557.74213916998,4,16557.74213916998,4,3.934392281690141,4,0.9
gist,GIST-1M,5,favor,0.9389,15722.586310300729,1,16538.957057356158,4,3.626074298701299,4,0.9
gist,GIST-1M,6,default,0.9483,16546.752242540824,4,16546.752242540824,4,3.942010591549296,4,0.9
gist,GIST-1M,6,favor,0.9454,15778.574492206195,1,16605.55879195952,4,3.6227532467532466,4,0.9
gist,GIST-1M,7,default,0.9538,16537.98378802277,4,16537.98378802277,4,3.948069253521127,4,0.9
gist,GIST-1M,7,favor,0.9493,15803.230038402524,1,16664.357264525708,4,3.6233509740259735,4,0.9
gist,GIST-1M,8,default,0.9575,16549.330478913645,4,16549.330478913645,4,3.953611704225352,4,0.9
gist,GIST-1M,8,favor,0.9522,16672.564752504666,4,16672.564752504666,4,3.617522519480519,4,0.9
bigann1m,BIGANN-1M,1,default,0.77246,80425.09229044768,1,,,,,0.9
bigann1m,BIGANN-1M,1,favor,0.95282,102382.4446097289,2,109974.08820477327,4,1.757202175,4,0.9
bigann1m,BIGANN-1M,2,default,0.94056,79923.09479811482,1,79923.09479811482,1,6.436241697674419,1,0.9
bigann1m,BIGANN-1M,2,favor,0.96626,101264.01080483355,2,107920.6151871007,4,1.773246664556962,4,0.9
bigann1m,BIGANN-1M,3,default,0.95506,80072.84739156517,1,80072.84739156517,1,5.242430905660377,1,0.9
bigann1m,BIGANN-1M,3,favor,0.88743,105342.05354556935,4,,,,,0.9
bigann1m,BIGANN-1M,4,default,0.95252,79925.19417530655,1,110753.94441465015,4,2.2241813937007873,4,0.9
bigann1m,BIGANN-1M,4,favor,0.06774,78598.68912375759,1,,,,,0.9
bigann1m,BIGANN-1M,5,default,0.96278,110858.55274358697,4,110858.55274358697,4,2.2239961181102363,4,0.9
bigann1m,BIGANN-1M,5,favor,0.2799,99244.53177194888,4,,,,,0.9
bigann1m,BIGANN-1M,6,default,0.98213,110782.0658011181,4,110782.0658011181,4,2.230321581967213,4,0.9
bigann1m,BIGANN-1M,6,favor,0.46551,99285.41539038916,4,,,,,0.9
bigann1m,BIGANN-1M,7,default,0.99094,110708.47178414911,4,110708.47178414911,4,2.23541323015873,4,0.9
bigann1m,BIGANN-1M,7,favor,0.61377,99574.55079824333,4,,,,,0.9
bigann1m,BIGANN-1M,8,default,0.99556,110601.08201119931,4,110601.08201119931,4,2.2382050476190476,4,0.9
bigann1m,BIGANN-1M,8,favor,0.70809,100143.19141158123,4,,,,,0.9
bigann10m,BIGANN-10M,1,default,0.78604,77666.98474733805,1,,,,,0.9
bigann10m,BIGANN-10M,1,favor,0.9113,77199.17412269839,1,103757.61164936153,4,1.7826532756410258,4,0.9
bigann10m,BIGANN-10M,2,default,0.93135,77775.04390204625,1,77775.04390204625,1,5.3709488936170215,1,0.9
bigann10m,BIGANN-10M,2,favor,0.91499,77165.07283137969,1,102505.42320268152,4,1.7835990828025476,4,0.9
bigann10m,BIGANN-10M,3,default,0.94496,77748.06734773742,1,77748.06734773742,1,5.256601020000001,1,0.9
bigann10m,BIGANN-10M,3,favor,0.64075,100492.5673323783,4,,,,,0.9
bigann10m,BIGANN-10M,4,default,0.9472,77711.36034019184,1,105056.68537906981,4,2.9102353222222224,4,0.9
bigann10m,BIGANN-10M,4,favor,0.02599,95108.97921478603,2,,,,,0.9
bigann10m,BIGANN-10M,5,default,0.96542,105098.48921404747,4,105098.48921404747,4,2.2644035403225806,4,0.9
bigann10m,BIGANN-10M,5,favor,0.1481,93184.14742080716,2,,,,,0.9
bigann10m,BIGANN-10M,6,default,0.98091,104998.17198501906,4,104998.17198501906,4,2.2689237741935484,4,0.9
bigann10m,BIGANN-10M,6,favor,0.31172,92864.39118398583,2,,,,,0.9
bigann10m,BIGANN-10M,7,default,0.98844,104877.64863253888,4,104877.64863253888,4,2.278129430894309,4,0.9
bigann10m,BIGANN-10M,7,favor,0.44966,92258.12585022819,2,,,,,0.9
bigann10m,BIGANN-10M,8,default,0.9919,104789.25492232136,4,104789.25492232136,4,2.2809732926829267,4,0.9
bigann10m,BIGANN-10M,8,favor,0.55831,95066.61316937035,4,,,,,0.9
msturing1m,MSTuring-1M,1,default,0.70319,56155.73289448041,1,,,,,0.9
msturing1m,MSTuring-1M,1,favor,0.68618,76214.27217179495,4,,,,,0.9
msturing1m,MSTuring-1M,2,default,0.79401,55992.43403416077,1,,,,,0.9
msturing1m,MSTuring-1M,2,favor,0.76991,76118.44002306789,4,,,,,0.9
msturing1m,MSTuring-1M,3,default,0.83008,55980.816158852285,1,,,,,0.9
msturing1m,MSTuring-1M,3,favor,0.82302,76570.4584715992,4,,,,,0.9
msturing1m,MSTuring-1M,4,default,0.86179,73224.96524186517,4,,,,,0.9
msturing1m,MSTuring-1M,4,favor,0.85268,77028.06736530704,4,,,,,0.9
msturing1m,MSTuring-1M,5,default,0.88248,73131.62305925,4,,,,,0.9
msturing1m,MSTuring-1M,5,favor,0.8713,77164.01592320563,4,,,,,0.9
msturing1m,MSTuring-1M,6,default,0.89582,73183.38323832533,4,,,2.28423126446281,4,0.9
msturing1m,MSTuring-1M,6,favor,0.88335,77316.03686972543,4,,,,,0.9
msturing1m,MSTuring-1M,7,default,0.90563,73159.86675329483,4,73159.86675329483,4,2.29001241322314,4,0.9
msturing1m,MSTuring-1M,7,favor,0.89417,77221.39833480938,4,,,,,0.9
msturing1m,MSTuring-1M,8,default,0.9125,73149.17856466134,4,73149.17856466134,4,2.2950645932203386,4,0.9
msturing1m,MSTuring-1M,8,favor,0.90164,77298.99591152408,4,77298.99591152408,4,1.8353816862745098,4,0.9
msturing10m,MSTuring-10M,1,default,0.6758,57556.31490570497,1,,,,,0.9
msturing10m,MSTuring-10M,1,favor,0.67602,75407.14759543903,4,,,,,0.9
msturing10m,MSTuring-10M,2,default,0.78199,57492.94796416863,1,,,,,0.9
msturing10m,MSTuring-10M,2,favor,0.7706,75390.9910636855,4,,,,,0.9
msturing10m,MSTuring-10M,3,default,0.81943,57472.62191085216,1,,,,,0.9
msturing10m,MSTuring-10M,3,favor,0.82122,75911.78306924456,4,,,,,0.9
msturing10m,MSTuring-10M,4,default,0.84055,74023.4097052063,4,,,,,0.9
msturing10m,MSTuring-10M,4,favor,0.8472,76344.86353786715,4,,,,,0.9
msturing10m,MSTuring-10M,5,default,0.86982,73897.98721154989,4,,,,,0.9
msturing10m,MSTuring-10M,5,favor,0.86748,76541.26114846647,4,,,,,0.9
msturing10m,MSTuring-10M,6,default,0.88717,73929.38605364865,4,,,,,0.9
msturing10m,MSTuring-10M,6,favor,0.87939,76680.29266985203,4,,,,,0.9
msturing10m,MSTuring-10M,7,default,0.89868,73944.21460688172,4,,,,,0.9
msturing10m,MSTuring-10M,7,favor,0.88961,76822.34923715367,4,,,,,0.9
msturing10m,MSTuring-10M,8,default,0.90712,73771.12965454061,4,73771.12965454061,4,2.329359440677966,4,0.9
msturing10m,MSTuring-10M,8,favor,0.89773,76765.36602852422,4,,,,,0.9
